Questions,Labels
Where can I find the Crème de la Mer document?,Moisturizer/LA MER
Show me the file for Crème de la Mer.,Moisturizer/LA MER
I need the data on Crème de la Mer.,Moisturizer/LA MER
Locate the Crème de la Mer information.,Moisturizer/LA MER
Find the report on Crème de la Mer.,Moisturizer/LA MER
Where is The Moisturizing Soft Cream file?,Moisturizer/LA MER
Show me the document for The Moisturizing Soft Cream.,Moisturizer/LA MER
I need the data for The Moisturizing Soft Cream.,Moisturizer/LA MER
Locate The Moisturizing Soft Cream information.,Moisturizer/LA MER
Find the report on The Moisturizing Soft Cream.,Moisturizer/LA MER
Where can I find the Your Skin But Better™ CC+™ Cream with SPF 50+ document?,Moisturizer/IT COSMETICS
Show me the file for Your Skin But Better™ CC+™ Cream with SPF 50+.,Moisturizer/IT COSMETICS
I need the data on Your Skin But Better™ CC+™ Cream with SPF 50+.,Moisturizer/IT COSMETICS
Locate the Your Skin But Better™ CC+™ Cream with SPF 50+ information.,Moisturizer/IT COSMETICS
Find the report on Your Skin But Better™ CC+™ Cream with SPF 50+.,Moisturizer/IT COSMETICS
Where is the Little Miss Miracle Limited-Edition Crème de la Mer document?,Moisturizer/LA MER
Show me the file for Little Miss Miracle Limited-Edition Crème de la Mer.,Moisturizer/LA MER
I need the data on Little Miss Miracle Limited-Edition Crème de la Mer.,Moisturizer/LA MER
Locate the Little Miss Miracle Limited-Edition Crème de la Mer information.,Moisturizer/LA MER
Find the report on Little Miss Miracle Limited-Edition Crème de la Mer.,Moisturizer/LA MER
Where can I find the Lotus Youth Preserve Moisturizer document?,Moisturizer/FRESH
Show me the file for Lotus Youth Preserve Moisturizer.,Moisturizer/FRESH
I need the data on Lotus Youth Preserve Moisturizer.,Moisturizer/FRESH
Locate the Lotus Youth Preserve Moisturizer information.,Moisturizer/FRESH
Find the report on Lotus Youth Preserve Moisturizer.,Moisturizer/FRESH
Where can I find the Lotus Youth Preserve Moisturizer document?,Moisturizer/FRESH
Show me the file for Lotus Youth Preserve Moisturizer.,Moisturizer/FRESH
I need the data on Lotus Youth Preserve Moisturizer.,Moisturizer/FRESH
Locate the Lotus Youth Preserve Moisturizer information.,Moisturizer/FRESH
Find the report on Lotus Youth Preserve Moisturizer.,Moisturizer/FRESH
Where can I find the Crème de la Mer Mini document?,Moisturizer/LA MER
Show me the file for Crème de la Mer Mini.,Moisturizer/LA MER
I need the data on Crème de la Mer Mini.,Moisturizer/LA MER
Locate the Crème de la Mer Mini information.,Moisturizer/LA MER
Find the report on Crème de la Mer Mini.,Moisturizer/LA MER
Where is the Black Tea Firming Overnight Mask document?,Moisturizer/FRESH
Show me the file for Black Tea Firming Overnight Mask.,Moisturizer/FRESH
I need the data on Black Tea Firming Overnight Mask.,Moisturizer/FRESH
Locate the Black Tea Firming Overnight Mask information.,Moisturizer/FRESH
Find the report on Black Tea Firming Overnight Mask.,Moisturizer/FRESH
Where can I find the Black Tea Kombucha Antioxidant Essence document?,Moisturizer/FRESH
Show me the file for Black Tea Kombucha Antioxidant Essence.,Moisturizer/FRESH
I need the data on Black Tea Kombucha Antioxidant Essence.,Moisturizer/FRESH
Locate the Black Tea Kombucha Antioxidant Essence information.,Moisturizer/FRESH
Find the report on Black Tea Kombucha Antioxidant Essence.,Moisturizer/FRESH
Where is the Your Skin But Better CC+ Cream Oil-Free Matte with SPF 40 document?,Moisturizer/IT COSMETICS
Show me the file for Your Skin But Better CC+ Cream Oil-Free Matte with SPF 40.,Moisturizer/IT COSMETICS
I need the data on Your Skin But Better CC+ Cream Oil-Free Matte with SPF 40.,Moisturizer/IT COSMETICS
Locate the Your Skin But Better CC+ Cream Oil-Free Matte with SPF 40 information.,Moisturizer/IT COSMETICS
Find the report on Your Skin But Better CC+ Cream Oil-Free Matte with,Moisturizer/IT COSMETICS
Where can I find the document for The Renewal Oil?,Moisturizer/LA MER
Show me the file for The Renewal Oil.,Moisturizer/LA MER
I need the data on The Renewal Oil.,Moisturizer/LA MER
Locate the information for The Renewal Oil.,Moisturizer/LA MER
Find the report on The Renewal Oil.,Moisturizer/LA MER
Where is the Beauty Water file?,Moisturizer/SON & PARK
Show me the document for Beauty Water.,Moisturizer/SON & PARK
I need the data for Beauty Water.,Moisturizer/SON & PARK
Locate the Beauty Water information.,Moisturizer/SON & PARK
Find the report on Beauty Water.,Moisturizer/SON & PARK
Where can I find the Color Control Cushion Compact Broad Spectrum SPF 50+ document?,Moisturizer/AMOREPACIFIC
Show me the file for Color Control Cushion Compact Broad Spectrum SPF 50+.,Moisturizer/AMOREPACIFIC
I need the data on Color Control Cushion Compact Broad Spectrum SPF 50+.,Moisturizer/AMOREPACIFIC
Locate the Color Control Cushion Compact Broad Spectrum SPF 50+ information.,Moisturizer/AMOREPACIFIC
Find the report on Color Control Cushion Compact Broad Spectrum SPF 50+.,Moisturizer/AMOREPACIFIC
Where is the Vitamin Enriched Face Base Priming Moisturizer document?,Moisturizer/BOBBI BROWN
Show me the file for Vitamin Enriched Face Base Priming Moisturizer.,Moisturizer/BOBBI BROWN
I need the data on Vitamin Enriched Face Base Priming Moisturizer.,Moisturizer/BOBBI BROWN
Locate the Vitamin Enriched Face Base Priming Moisturizer information.,Moisturizer/BOBBI BROWN
Find the report on Vitamin Enriched Face Base Priming Moisturizer.,Moisturizer/BOBBI BROWN
Where can I find the CC Crème High Definition Radiance Face Cream Skin Perfector document?,Moisturizer/ERBORIAN
Show me the file for CC Crème High Definition Radiance Face Cream Skin Perfector.,Moisturizer/ERBORIAN
I need the data on CC Crème High Definition Radiance Face Cream Skin Perfector.,Moisturizer/ERBORIAN
Locate the CC Crème High Definition Radiance Face Cream Skin Perfector information.,Moisturizer/ERBORIAN
Find the report on CC Crème High Definition Radiance Face Cream Skin Perfector.,Moisturizer/ERBORIAN
Where is the Your Skin But Better™ CC+Illumination™ Cream with SPF 50+ document?,Moisturizer/IT COSMETICS
Show me the file for Your Skin But Better™ CC+Illumination™ Cream with SPF 50+.,Moisturizer/IT COSMETICS
I need the data on Your Skin But Better™ CC+Illumination™ Cream with SPF 50+.,Moisturizer/IT COSMETICS
Locate the Your Skin But Better™ CC+Illumination™ Cream with SPF 50+ information.,Moisturizer/IT COSMETICS
Find the report on Your Skin But Better™ CC+Illumination™ Cream with SPF 50+.,Moisturizer/IT COSMETICS
Where can I find the Seaberry Moisturizing Face Oil document?,Moisturizer/FRESH
Show me the file for Seaberry Moisturizing Face Oil.,Moisturizer/FRESH
I need the data on Seaberry Moisturizing Face Oil.,Moisturizer/FRESH
Locate the Seaberry Moisturizing Face Oil information.,Moisturizer/FRESH
Find the report on Seaberry Moisturizing Face Oil.,Moisturizer/FRESH
Where is the FUTURE RESPONSE Age Defense Creme document?,Moisturizer/AMOREPACIFIC
Show me the file for FUTURE RESPONSE Age Defense Creme.,Moisturizer/AMOREPACIFIC
I need the data on FUTURE RESPONSE Age Defense Creme.,Moisturizer/AMOREPACIFIC
Locate the FUTURE RESPONSE Age Defense Creme information.,Moisturizer/AMOREPACIFIC
Find the report on FUTURE RESPONSE Age Defense Creme.,Moisturizer/AMOREPACIFIC
Where can I find the Vintage Single Extract Essence document?,Moisturizer/AMOREPACIFIC
Show me the file for Vintage Single Extract Essence.,Moisturizer/AMOREPACIFIC
I need the data on Vintage Single Extract Essence.,Moisturizer/AMOREPACIFIC
Locate the Vintage Single Extract Essence information.,Moisturizer/AMOREPACIFIC
Find the report on Vintage Single Extract Essence.,Moisturizer/AMOREPACIFIC
Where is the Confidence in a Cream™ Transforming Moisturizing Super Cream document?,Moisturizer/IT COSMETICS
Show me the file for Confidence in a Cream™ Transforming Moisturizing Super Cream.,Moisturizer/IT COSMETICS
I need the data on Confidence in a Cream™ Transforming Moisturizing Super Cream.,Moisturizer/IT COSMETICS
Locate the Confidence in a Cream™ Transforming Moisturizing Super Cream information.,Moisturizer/IT COSMETICS
Find the report on Confidence in a Cream™ Transforming Moisturizing Super Cream.,Moisturizer/IT COSMETICS
Where can I find the Black Tea Corset Cream Firming Moisturizer document?,Moisturizer/FRESH
Show me the file for Black Tea Corset Cream Firming Moisturizer.,Moisturizer/FRESH
I need the data on Black Tea Corset Cream Firming Moisturizer.,Moisturizer/FRESH
Locate the Black Tea Corset Cream Firming Moisturizer information.,Moisturizer/FRESH
Find the report on Black Tea Corset Cream Firming Moisturizer.,Moisturizer/FRESH
Where is the Crème Ancienne® document?,Moisturizer/FRESH
Show me the file for Crème Ancienne®.,Moisturizer/FRESH
I need the data on Crème Ancienne®.,Moisturizer/FRESH
Locate the Crème Ancienne® information.,Moisturizer/FRESH
Find the report on Crème Ancienne®.,Moisturizer/FRESH
Where can I find the Secret Sauce Clinically Advanced Miraculous Anti-Aging Moisturizer document?,Moisturizer/IT COSMETICS
Show me the file for Secret Sauce Clinically Advanced Miraculous Anti-Aging Moisturizer.,Moisturizer/IT COSMETICS
I need the data on Secret Sauce Clinically Advanced Miraculous Anti-Aging Moisturizer.,Moisturizer/IT COSMETICS
Locate the Secret Sauce Clinically Advanced Miraculous Anti-Aging Moisturizer information.,Moisturizer/IT COSMETICS
Find the report on Secret Sauce Clinically Advanced Miraculous Anti-Aging Moisturizer.,Moisturizer/IT COSMETICS
Where is the Rose Floral Toner document?,Moisturizer/FRESH
Show me the file for Rose Floral Toner.,Moisturizer/FRESH
I need the data on Rose Floral Toner.,Moisturizer/FRESH
Locate the Rose Floral Toner information.,Moisturizer/FRESH
Find the report on Rose Floral Toner.,Moisturizer/FRESH
Where is the Concentrate Minidocument?,Moisturizer/LA MER
Where can I find the The Concentrate Mini document?,Moisturizer/LA MER
Show me the file for The Concentrate Mini.,Moisturizer/LA MER
I need the data on The Concentrate Mini.,Moisturizer/LA MER
Locate the The Concentrate Mini information.,Moisturizer/LA MER
Find the report on The Concentrate Mini.,Moisturizer/LA MER
Where is the The Moisturizing Cool Gel Cream document?,Moisturizer/LA MER
Show me the file for The Moisturizing Cool Gel Cream.,Moisturizer/LA MER
I need the data on The Moisturizing Cool Gel Cream.,Moisturizer/LA MER
Locate the The Moisturizing Cool Gel Cream information.,Moisturizer/LA MER
Find the report on The Moisturizing Cool Gel Cream.,Moisturizer/LA MER
Where can I find the GENIUS Ultimate Anti-Aging Cream document?,Moisturizer/ALGENIST
Show me the file for GENIUS Ultimate Anti-Aging Cream.,Moisturizer/ALGENIST
I need the data on GENIUS Ultimate Anti-Aging Cream.,Moisturizer/ALGENIST
Locate the GENIUS Ultimate Anti-Aging Cream information.,Moisturizer/ALGENIST
Find the report on GENIUS Ultimate Anti-Aging Cream.,Moisturizer/ALGENIST
Where is the Your Skin But Better™ CC+ Airbrush Perfecting Powder™ with SPF 50+ document?,Moisturizer/IT COSMETICS
Show me the file for Your Skin But Better™ CC+ Airbrush Perfecting Powder™ with SPF 50+.,Moisturizer/IT COSMETICS
I need the data on Your Skin But Better™ CC+ Airbrush Perfecting Powder™ with SPF 50+.,Moisturizer/IT COSMETICS
Locate the Your Skin But Better™ CC+ Airbrush Perfecting Powder™ with SPF 50+ information.,Moisturizer/IT COSMETICS
Find the report on Your Skin But Better™ CC+ Airbrush Perfecting Powder™ with SPF 50+.,Moisturizer/IT COSMETICS
Where can I find the Bye Bye Redness™ Neutralizing Correcting Cream document?,Moisturizer/IT COSMETICS
Show me the file for Bye Bye Redness™ Neutralizing Correcting Cream.,Moisturizer/IT COSMETICS
I need the data on Bye Bye Redness™ Neutralizing Correcting Cream.,Moisturizer/IT COSMETICS
Locate the Bye Bye Redness™ Neutralizing Correcting Cream information.,Moisturizer/IT COSMETICS
Find the report on Bye Bye Redness™ Neutralizing Correcting Cream.,Moisturizer/IT COSMETICS
Where is the BB Cream SPF 35 document?,Moisturizer/BOBBI BROWN
Show me the file for BB Cream SPF 35.,Moisturizer/BOBBI BROWN
I need the data on BB Cream SPF 35.,Moisturizer/BOBBI BROWN
Locate the BB Cream SPF 35 information.,Moisturizer/BOBBI BROWN
Find the report on BB Cream SPF 35.,Moisturizer/BOBBI BROWN
Where can I find the Vitamin C Glow Moisturizer document?,Moisturizer/FRESH
Show me the file for Vitamin C Glow Moisturizer.,Moisturizer/FRESH
I need the data on Vitamin C Glow Moisturizer.,Moisturizer/FRESH
Locate the Vitamin C Glow Moisturizer information.,Moisturizer/FRESH
Find the report on Vitamin C Glow Moisturizer.,Moisturizer/FRESH
Where is the Vitamin Nectar Antioxidant Face Mist document?,Moisturizer/FRESH
Show me the file for Vitamin Nectar Antioxidant Face Mist.,Moisturizer/FRESH
I need the data on Vitamin Nectar Antioxidant Face Mist.,Moisturizer/FRESH
Locate the Vitamin Nectar Antioxidant Face Mist information.,Moisturizer/FRESH
Find the report on Vitamin Nectar Antioxidant Face Mist.,Moisturizer/FRESH
Where can I find the Hydro-Dynamic® Ultimate Moisture document?,Moisturizer/MURAD
Show me the file for Hydro-Dynamic® Ultimate Moisture.,Moisturizer/MURAD
I need the data on Hydro-Dynamic® Ultimate Moisture.,Moisturizer/MURAD
Locate the Hydro-Dynamic® Ultimate Moisture information.,Moisturizer/MURAD
Find the report on Hydro-Dynamic® Ultimate Moisture.,Moisturizer/MURAD
Where is the Miracle Water 3-in-1 Micellar Cleanser document?,Moisturizer/IT COSMETICS
Show me the file for Miracle Water 3-in-1 Micellar Cleanser.,Moisturizer/IT COSMETICS
I need the data on Miracle Water 3-in-1 Micellar Cleanser.,Moisturizer/IT COSMETICS
Locate the Miracle Water 3-in-1 Micellar Cleanser information.,Moisturizer/IT COSMETICS
Find the report on Miracle Water 3-in-1 Micellar Cleanser.,Moisturizer/IT COSMETICS
Where can I find the Retinol Youth Renewal Night Cream document?,Moisturizer/MURAD
Show me the file for Retinol Youth Renewal Night Cream.,Moisturizer/MURAD
I need the data on Retinol Youth Renewal Night Cream.,Moisturizer/MURAD
Locate the Retinol Youth Renewal Night Cream information.,Moisturizer/MURAD
Find the report on Retinol Youth Renewal Night Cream.,Moisturizer/MURAD
Where is the Oil-Control Mattifier SPF 15 PA++ document?,Moisturizer/MURAD
Show me the file for Oil-Control Mattifier SPF 15 PA++.,Moisturizer/MURAD
I need the data on Oil-Control Mattifier SPF 15 PA++.,Moisturizer/MURAD
Locate the Oil-Control Mattifier SPF 15 PA++ information.,Moisturizer/MURAD
Find the report on Oil-Control Mattifier SPF 15 PA++.,Moisturizer/MURAD
Where can I find the Skin Perfecting Lotion - Blemish Prone/Oily Skin document?,Moisturizer/MURAD
Show me the file for Skin Perfecting Lotion - Blemish Prone/Oily Skin.,Moisturizer/MURAD
I need the data on Skin Perfecting Lotion - Blemish Prone/Oily Skin.,Moisturizer/MURAD
Locate the Skin Perfecting Lotion - Blemish Prone/Oily Skin information.,Moisturizer/MURAD
Find the report on Skin Perfecting Lotion - Blemish Prone/Oily Skin.,Moisturizer/MURAD
Where is the Black Tea Age-Delay Cream document?,Moisturizer/FRESH
Show me the file for Black Tea Age-Delay Cream.,Moisturizer/FRESH
I need the data on Black Tea Age-Delay Cream.,Moisturizer/FRESH
Locate the Black Tea Age-Delay Cream information.,Moisturizer/FRESH
Find the report on Black Tea Age-Delay Cream.,Moisturizer/FRESH
Where can I find The Moisturizing Soft Lotion document?,Moisturizer/LA MER
Show me the file for The Moisturizing Soft Lotion.,Moisturizer/LA MER
I need the data on The Moisturizing Soft Lotion.,Moisturizer/LA MER
Locate The Moisturizing Soft Lotion information.,Moisturizer/LA MER
Find the report on The Moisturizing Soft Lotion.,Moisturizer/LA MER
Where is the Essential-C Day Moisture Broad Spectrum SPF 30 PA+++ document?,Moisturizer/MURAD
Show me the file for Essential-C Day Moisture Broad Spectrum SPF 30 PA+++.,Moisturizer/MURAD
I need the data on Essential-C Day Moisture Broad Spectrum SPF 30 PA+++.,Moisturizer/MURAD
Locate the Essential-C Day Moisture Broad Spectrum SPF 30 PA+++ information.,Moisturizer/MURAD
Find the report on Essential-C Day Moisture Broad Spectrum SPF 30 PA+++.,Moisturizer/MURAD
Where can I find the The Renewal Oil Mini document?,Moisturizer/LA MER
Show me the file for The Renewal Oil Mini.,Moisturizer/LA MER
I need the data on The Renewal Oil Mini.,Moisturizer/LA MER
Locate the The Renewal Oil Mini information.,Moisturizer/LA MER
Find the report on The Renewal Oil Mini.,Moisturizer/LA MER
Where is the The Method: Nourish document?,Moisturizer/LANCER
Show me the file for The Method: Nourish.,Moisturizer/LANCER
I need the data on The Method: Nourish.,Moisturizer/LANCER
Locate the The Method: Nourish information.,Moisturizer/LANCER
Find the report on The Method: Nourish.,Moisturizer/LANCER
Where can I find the CC Cream Daily Correct Broad Spectrum SPF 35+ Sunscreen document?,Moisturizer/SUPERGOOP!
Show me the file for CC Cream Daily Correct Broad Spectrum SPF 35+ Sunscreen.,Moisturizer/SUPERGOOP!
I need the data on CC Cream Daily Correct Broad Spectrum SPF 35+ Sunscreen.,Moisturizer/SUPERGOOP!
Locate the CC Cream Daily Correct Broad Spectrum SPF 35+ Sunscreen information.,Moisturizer/SUPERGOOP!
Find the report on CC Cream Daily Correct Broad Spectrum SPF 35+ Sunscreen.,Moisturizer/SUPERGOOP!
Where is the Overnight Restorative Cream document?,Moisturizer/ALGENIST
Show me the file for Overnight Restorative Cream.,Moisturizer/ALGENIST
I need the data on Overnight Restorative Cream.,Moisturizer/ALGENIST
Locate the Overnight Restorative Cream information.,Moisturizer/ALGENIST
Find the report on Overnight Restorative Cream.,Moisturizer/ALGENIST
Where can I find the MOISTURE BOUND Rejuvenating Crème document?,Moisturizer/AMOREPACIFIC
Show me the file for MOISTURE BOUND Rejuvenating Crème.,Moisturizer/AMOREPACIFIC
I need the data on MOISTURE BOUND Rejuvenating Crème.,Moisturizer/AMOREPACIFIC
Locate the MOISTURE BOUND Rejuvenating Crème information.,Moisturizer/AMOREPACIFIC
Find the report on MOISTURE BOUND Rejuvenating Crème.,Moisturizer/AMOREPACIFIC
Where is the Crème Ancienne® Soft Cream document?,Moisturizer/FRESH
Show me the file for Crème Ancienne® Soft Cream.,Moisturizer/FRESH
I need the data on Crème Ancienne® Soft Cream.,Moisturizer/FRESH
Locate the Crème Ancienne® Soft Cream information.,Moisturizer/FRESH
Find the report on Crème Ancienne® Soft Cream.,Moisturizer/FRESH
Where can I find the BB Crème au Ginseng document?,Moisturizer/ERBORIAN
Show me the file for BB Crème au Ginseng.,Moisturizer/ERBORIAN
I need the data on BB Crème au Ginseng.,Moisturizer/ERBORIAN
Locate the BB Crème au Ginseng information.,Moisturizer/ERBORIAN
Find the report on BB Crème au Ginseng.,Moisturizer/ERBORIAN
Where is the SUBLIME DEFENSE Ultra Lightweight UV Defense Fluid SPF 50 document?,Moisturizer/ALGENIST
Show me the file for SUBLIME DEFENSE Ultra Lightweight UV Defense Fluid SPF 50.,Moisturizer/ALGENIST
I need the data on SUBLIME DEFENSE Ultra Lightweight UV Defense Fluid SPF 50.,Moisturizer/ALGENIST
Locate the SUBLIME DEFENSE Ultra Lightweight UV Defense Fluid SPF 50 information.,Moisturizer/ALGENIST
Find the report on SUBLIME DEFENSE Ultra Lightweight UV Defense Fluid SPF 50.,Moisturizer/ALGENIST
Where can I find the Anti-Aging Moisturizer SPF 30 PA+++ document?,Moisturizer/MURAD
Show me the file for Anti-Aging Moisturizer SPF 30 PA+++.,Moisturizer/MURAD
I need the data on Anti-Aging Moisturizer SPF 30 PA+++.,Moisturizer/MURAD
Locate the Anti-Aging Moisturizer SPF 30 PA+++ information.,Moisturizer/MURAD
Find the report on Anti-Aging Moisturizer SPF 30 PA+++.,Moisturizer/MURAD
Where is the Treatment Toner document?,Moisturizer/AMOREPACIFIC
Show me the file for Treatment Toner.,Moisturizer/AMOREPACIFIC
I need the data on Treatment Toner.,Moisturizer/AMOREPACIFIC
Locate the Treatment Toner information.,Moisturizer/AMOREPACIFIC
Find the report on Treatment Toner.,Moisturizer/AMOREPACIFIC
Where can I find the MOISTURE BOUND Refreshing Hydra-Gel Oil-Free document?,Moisturizer/AMOREPACIFIC
Show me the file for MOISTURE BOUND Refreshing Hydra-Gel Oil-Free.,Moisturizer/AMOREPACIFIC
I need the data on MOISTURE BOUND Refreshing Hydra-Gel Oil-Free.,Moisturizer/AMOREPACIFIC
Locate the MOISTURE BOUND Refreshing Hydra-Gel Oil-Free information.,Moisturizer/AMOREPACIFIC
Find the report on MOISTURE BOUND Refreshing Hydra-Gel Oil-Free.,Moisturizer/AMOREPACIFIC
Where is the Your Skin But Better CC+ Illumination Cream with SPF 50+ document?,Moisturizer/IT COSMETICS
Show me the file for Your Skin But Better CC+ Illumination Cream with SPF 50+.,Moisturizer/IT COSMETICS
I need the data on Your Skin But Better CC+ Illumination Cream with SPF 50+.,Moisturizer/IT COSMETICS
Locate the Your Skin But Better CC+ Illumination Cream with SPF 50+ information.,Moisturizer/IT COSMETICS
Find the report on Your Skin But Better CC+ Illumination Cream with SPF 50+.,Moisturizer/IT COSMETICS
Where can I find the Repairative Moisturizer document?,Moisturizer/TATA HARPER
Show me the file for Repairative Moisturizer.,Moisturizer/TATA HARPER
I need the data on Repairative Moisturizer.,Moisturizer/TATA HARPER
Locate the Repairative Moisturizer information.,Moisturizer/TATA HARPER
Find the report on Repairative Moisturizer.,Moisturizer/TATA HARPER
Where is the Hydrating Face Cream Moisturizer document?,Moisturizer/BOBBI BROWN
Show me the file for Hydrating Face Cream Moisturizer.,Moisturizer/BOBBI BROWN
I need the data on Hydrating Face Cream Moisturizer.,Moisturizer/BOBBI BROWN
Locate the Hydrating Face Cream Moisturizer information.,Moisturizer/BOBBI BROWN
Find the report on Hydrating Face Cream Moisturizer.,Moisturizer/BOBBI BROWN
Where can I find the Retinoic Nutrient Face Oil document?,Moisturizer/TATA HARPER
Show me the file for Retinoic Nutrient Face Oil.,Moisturizer/TATA HARPER
I need the data on Retinoic Nutrient Face Oil.,Moisturizer/TATA HARPER
Locate the Retinoic Nutrient Face Oil information.,Moisturizer/TATA HARPER
Find the report on Retinoic Nutrient Face Oil.,Moisturizer/TATA HARPER
Where is the POWER Recharging Night Pressed Serum document?,Moisturizer/ALGENIST
Show me the file for POWER Recharging Night Pressed Serum.,Moisturizer/ALGENIST
I need the data on POWER Recharging Night Pressed Serum.,Moisturizer/ALGENIST
Locate the POWER Recharging Night Pressed Serum information.,Moisturizer/ALGENIST
Find the report on POWER Recharging Night Pressed Serum.,Moisturizer/ALGENIST
Where can I find the Firming & Lifting Neck Cream document?,Moisturizer/ALGENIST
Show me the file for Firming & Lifting Neck Cream.,Moisturizer/ALGENIST
I need the data on Firming & Lifting Neck Cream.,Moisturizer/ALGENIST
Locate the Firming & Lifting Neck Cream information.,Moisturizer/ALGENIST
Find the report on Firming & Lifting Neck Cream.,Moisturizer/ALGENIST
Where is the The Moisturizing Matte Lotion document?,Moisturizer/LA MER
Show me the file for The Moisturizing Matte Lotion.,Moisturizer/LA MER
I need the data on The Moisturizing Matte Lotion.,Moisturizer/LA MER
Locate the The Moisturizing Matte Lotion information.,Moisturizer/LA MER
Find the report on The Moisturizing Matte Lotion.,Moisturizer/LA MER
Where can I find the Rose Face Mask document?,Face Mask/FRESH
Show me the file for Rose Face Mask.,Face Mask/FRESH
I need the data on Rose Face Mask.,Face Mask/FRESH
Locate the Rose Face Mask information.,Face Mask/FRESH
Find the report on Rose Face Mask.,Face Mask/FRESH
Where is the Black Tea Instant Perfecting Mask document?,Face Mask/FRESH
Show me the file for Black Tea Instant Perfecting Mask.,Face Mask/FRESH
I need the data on Black Tea Instant Perfecting Mask.,Face Mask/FRESH
Locate the Black Tea Instant Perfecting Mask information.,Face Mask/FRESH
Find the report on Black Tea Instant Perfecting Mask.,Face Mask/FRESH
How can I find the location of the Invincible Setting Powder SPF 45 Refill file?,Sun protect/SUPERGOOP!
Where is the Invincible Setting Powder SPF 45 Refill file stored?,Sun protect/SUPERGOOP!
What is the path to the Invincible Setting Powder SPF 45 Refill file in the data warehouse?,Sun protect/SUPERGOOP!
Can you provide the directory for the Invincible Setting Powder SPF 45 Refill file?,Sun protect/SUPERGOOP!
In which folder can I find the Invincible Setting Powder SPF 45 Refill file?,Sun protect/SUPERGOOP!
How can I find the location of the Face Lotion SPF 30 file?,Sun protect/MOROCCANOIL
Where is the Face Lotion SPF 30 file stored?,Sun protect/MOROCCANOIL
What is the path to the Face Lotion SPF 30 file in the data warehouse?,Sun protect/MOROCCANOIL
Can you provide the directory for the Face Lotion SPF 30 file?,Sun protect/MOROCCANOIL
In which folder can I find the Face Lotion SPF 30 file?,Sun protect/MOROCCANOIL
Which directory holds the Daily Moisturizer Broad Spectrum SPF 35 file?,Sun protect/SKIN LAUNDRY
What is the file path for the Daily Moisturizer Broad Spectrum SPF 35 document?,Sun protect/SKIN LAUNDRY
Where can I access the Daily Moisturizer Broad Spectrum SPF 35 file in the data warehouse?,Sun protect/SKIN LAUNDRY
Could you guide me to the Daily Moisturizer Broad Spectrum SPF 35 file location?,Sun protect/SKIN LAUNDRY
n which section of the data warehouse is the Daily Moisturizer Broad Spectrum SPF 35 file kept?,Sun protect/SKIN LAUNDRY
Which directory holds the Resort Collection Sun Protection Cushion SPF 30+ file?,Sun protect/AMOREPACIFIC
What is the file path for the Resort Collection Sun Protection Cushion SPF 30+ document?,Sun protect/AMOREPACIFIC
Where can I access the Resort Collection Sun Protection Cushion SPF 30+ file in the data warehouse?,Sun protect/AMOREPACIFIC
Could you guide me to the Resort Collection Sun Protection Cushion SPF 30+ file location?,Sun protect/AMOREPACIFIC
In which section of the data warehouse is the Resort Collection Sun Protection Cushion SPF 30+ file kept?,Sun protect/AMOREPACIFIC
Which directory holds the 100% Mineral Sunscreen Mist with Marigold Extract Broad Spectrum SPF 30 file?,Sun protect/SUPERGOOP!
What is the file path for the 100% Mineral Sunscreen Mist with Marigold Extract Broad Spectrum SPF 30 document?,Sun protect/SUPERGOOP!
Where can I access the 100% Mineral Sunscreen Mist with Marigold Extract Broad Spectrum SPF 30 file in the data warehouse?,Sun protect/SUPERGOOP!
Could you guide me to the 100% Mineral Sunscreen Mist with Marigold Extract Broad Spectrum SPF 30 file location?,Sun protect/SUPERGOOP!
In which section of the data warehouse is the 100% Mineral Sunscreen Mist with Marigold Extract Broad Spectrum SPF 30 file kept?,Sun protect/SUPERGOOP!
How do I locate the Sugar Sport Treatment SPF 30 file?,Sun protect/FRESH
Where can I find the Balancing Moisturizer SPF 15 file?,Sun protect/MURAD
How do I access the Forever Young Body Butter SPF 40 file?,Sun protect/SUPERGOOP!
What is the directory for the Resurgence® Moisture SPF 30 file?,Sun protect/MURAD
Where is the Super Power Mousse SPF 50 document stored?,Sun protect/SUPERGOOP!
What is the file path for the Sugar Sport Sunscreen?,Sun protect/FRESH
Can you guide me to the Balancing Moisturizer SPF 15 file?,Sun protect/MURAD
How can I locate the Forever Young Body Butter with SPF 40?,Sun protect/SUPERGOOP!
What is the path to the Resurgence® Age–Balancing Moisture file?,Sun protect/MURAD
Can you provide the location of the Super Power Sunscreen SPF 50?,Sun protect/SUPERGOOP!
Where is the Sugar Sport Treatment Sunscreen located?,Sun protect/FRESH
In which section is the Balancing Moisturizer SPF 15 file?,Sun protect/MURAD
Where is the Forever Young Body Butter SPF 40 document?,Sun protect/SUPERGOOP!
Where can I access the Resurgence® Age–Balancing Moisture SPF 30 file?,Sun protect/MURAD
What is the folder for the Super Power Sunscreen Mousse SPF 50?,Sun protect/SUPERGOOP!
Can you direct me to the Sugar Sport SPF 30 file?,Sun protect/FRESH
How do I find the Balancing Moisturizer with SPF 15?,Sun protect/MURAD
What is the directory for the Forever Young Body Butter SPF 40?,Sun protect/SUPERGOOP!
Can you guide me to the Resurgence® Moisture SPF 30 location?,Sun protect/MURAD
Where can I find the Super Power Sunscreen Mousse with SPF 50?,Sun protect/SUPERGOOP!
In which folder is the Sugar Sport Sunscreen SPF 30?,Sun protect/FRESH
What is the path to the Balancing Moisturizer SPF 15?,Sun protect/MURAD
How do I locate the Forever Young Body Butter SPF 40 file?,Sun protect/SUPERGOOP!
What is the location of the Resurgence® Age–Balancing Moisture SPF 30 file?,Sun protect/MURAD
How can I access the Super Power Sunscreen Mousse SPF 50?,Sun protect/SUPERGOOP!
How do I find the location of the FUTURE RESPONSE SPF 30 cream?,Sun protect/AMOREPACIFIC
Where can I locate the SPF 50 Defense Refresh Setting Mist?,Sun protect/SUPERGOOP!
What is the directory for The Broad Spectrum SPF 50 fluid?,Sun protect/LA MER
How can I access the Supergoop! x Milly SPF 50 Setting Mist?,Sun protect/SUPERGOOP!
Where is the Glow Stick Sunscreen SPF 50 located?,Sun protect/SUPERGOOP!
What is the file path for the FUTURE RESPONSE Age Defense SPF 30?,Sun protect/AMOREPACIFIC
Can you guide me to the SPF 50 Defense Refresh Setting Mist?,Sun protect/SUPERGOOP!
How do I find The Broad Spectrum SPF 50 UV Protecting Fluid?,Sun protect/LA MER
Where is the Supergoop! x Milly Defense Refresh Setting Mist SPF 50?,Sun protect/SUPERGOOP!
What is the folder path for the Glow Stick SPF 50?,Sun protect/SUPERGOOP!
Where is the FUTURE RESPONSE Age Defense Creme SPF 30 located?,Sun protect/AMOREPACIFIC
In which section can I find the SPF 50 Defense Refresh Setting Mist?,Sun protect/SUPERGOOP!
Where can I access The Broad Spectrum SPF 50 UV Protecting Fluid?,Sun protect/LA MER
What is the location of the Supergoop! x Milly Defense Refresh Setting Mist SPF 50?,Sun protect/SUPERGOOP!
How do I locate the Glow Stick Sunscreen SPF 50 file?,Sun protect/SUPERGOOP!
Can you direct me to the FUTURE RESPONSE Age Defense SPF 30 cream?,Sun protect/AMOREPACIFIC
How do I find the SPF 50 Defense Refresh Setting Mist?,Sun protect/SUPERGOOP!
What is the path for The Broad Spectrum SPF 50 UV Protecting Fluid?,Sun protect/LA MER
Can you guide me to the location of the Supergoop! x Milly SPF 50 Setting Mist?,Sun protect/SUPERGOOP!
Where can I find the Glow Stick SPF 50 document?,Sun protect/SUPERGOOP!
In which folder is the FUTURE RESPONSE Age Defense Creme SPF 30 located?,Sun protect/AMOREPACIFIC
What is the location of the SPF 50 Defense Refresh Setting Mist?,Sun protect/SUPERGOOP!
How can I access The Broad Spectrum SPF 50 UV Protecting Fluid?,Sun protect/LA MER
What is the folder path for the Supergoop! x Milly SPF 50 Setting Mist?,Sun protect/SUPERGOOP!
Where is the Glow Stick Sunscreen SPF 50 stored?,Sun protect/SUPERGOOP!
How do I find the location of the Natural Protector SPF 35 Sunscreen?,Sun protect/AMOREPACIFIC
Where can I locate the SPF 20 Black Tea Age-Delay Lotion?,Sun protect/FRESH
What is the directory for the CC Red Correct Automatic Perfector SPF 25?,Sun protect/ERBORIAN
How can I access the Sheer Fluid Sun Shield SPF 30?,Sun protect/LANCER
Where is the Sun-Defying Sunscreen Oil SPF 50 located?,Sun protect/SUPERGOOP!
What is the file path for the Natural Protector Broad Spectrum SPF 35 Sunscreen?,Sun protect/AMOREPACIFIC
Can you guide me to the SPF 20 Black Tea Age-Delay Lotion?,Sun protect/FRESH
How do I find the CC Red Correct Automatic Perfector SPF 25?,Sun protect/ERBORIAN
Where is the Sheer Fluid Sun Shield SPF 30 Sunscreen located?,Sun protect/LANCER
What is the folder path for the Sun-Defying Sunscreen Oil SPF 50?,Sun protect/SUPERGOOP!
Where is the Natural Protector Broad Spectrum SPF 35 Sunscreen located?,Sun protect/AMOREPACIFIC
In which section can I find the SPF 20 Black Tea Age-Delay Lotion?,Sun protect/FRESH
Where can I access the CC Red Correct Automatic Perfector SPF 25?,Sun protect/ERBORIAN
What is the location of the Sheer Fluid Sun Shield SPF 30 Sunscreen?,Sun protect/LANCER
How do I locate the Sun-Defying Sunscreen Oil SPF 50 file?,Sun protect/SUPERGOOP!
Can you direct me to the Natural Protector SPF 35 Sunscreen?,Sun protect/AMOREPACIFIC
How do I find the SPF 20 Black Tea Age-Delay Lotion?,Sun protect/FRESH
What is the path for the CC Red Correct Automatic Perfector SPF 25?,Sun protect/ERBORIAN
Can you guide me to the location of the Sheer Fluid Sun Shield SPF 30?,Sun protect/LANCER
Where can I find the Sun-Defying Sunscreen Oil SPF 50 document?,Sun protect/SUPERGOOP!
In which folder is the Natural Protector SPF 35 Sunscreen located?,Sun protect/AMOREPACIFIC
What is the location of the SPF 20 Black Tea Age-Delay Lotion?,Sun protect/FRESH
How can I access the CC Red Correct Automatic Perfector SPF 25?,Sun protect/ERBORIAN
What is the folder path for the Sheer Fluid Sun Shield SPF 30 Sunscreen?,Sun protect/LANCER
Where is the Sun-Defying Sunscreen Oil SPF 50 stored?,Sun protect/SUPERGOOP!
How can I locate the ELEVATE Firming & Lifting Eye Cream?,Eye cream/ALGENIST
Where can I find the Wrinkle Release Eye Cream with Peptides?,Eye cream/SKIN LAUNDRY
What is the directory for the Forever Light Creator Eye Fluid?,Eye cream/YVES SAINT LAURENT
How do I access the Unseen Sunscreen SPF 40?,Sun protect/SUPERGOOP!
Where is the Everyday Sunscreen SPF 50 located?,Sun protect/SUPERGOOP!
What is the file path for the ELEVATE Firming & Lifting Eye Cream?,Eye cream/ALGENIST
Can you guide me to the Eye Cream with Peptides?,Eye cream/SKIN LAUNDRY
How do I find the Forever Light Creator Eye Fluid?,Eye cream/YVES SAINT LAURENT
Can you provide the location of the Unseen Sunscreen SPF 40?,Sun protect/SUPERGOOP!
What is the folder path for the Everyday Sunscreen SPF 50?,Sun protect/SUPERGOOP!
Where is the ELEVATE Firming & Lifting Contouring Eye Cream located?,Eye cream/ALGENIST
In which section can I find the Wrinkle Release Eye Cream with Peptides?,Eye cream/SKIN LAUNDRY
Where can I access the Forever Light Creator Eye Fluid?,Eye cream/YVES SAINT LAURENT
What is the location of the Unseen Sunscreen Broad Spectrum SPF 40?,Sun protect/SUPERGOOP!
How can I locate the Everyday Sunscreen Broad Spectrum SPF 50?,Sun protect/SUPERGOOP!
Can you direct me to the ELEVATE Firming & Lifting Contouring Eye Cream?,Eye cream/ALGENIST
How do I find the Eye Cream with Peptides?,Eye cream/SKIN LAUNDRY
What is the path for the Forever Light Creator Eye Fluid?,Eye cream/YVES SAINT LAURENT
Can you guide me to the Unseen Sunscreen Broad Spectrum SPF 40?,Sun protect/SUPERGOOP!
Where can I find the Everyday Sunscreen SPF 50 document?,Sun protect/SUPERGOOP!
In which folder is the ELEVATE Firming & Lifting Contouring Eye Cream located?,Eye cream/ALGENIST
What is the location of the Wrinkle Release Eye Cream with Peptides?,Eye cream/SKIN LAUNDRY
How can I access the Forever Light Creator Eye Fluid?,Eye cream/YVES SAINT LAURENT
What is the folder path for the Unseen Sunscreen Broad Spectrum SPF 40?,Sun protect/SUPERGOOP!
Where is the Everyday Sunscreen Broad Spectrum SPF 50 stored?,Sun protect/SUPERGOOP!
How do I locate the City Skin Age Defense SPF 50 PA++++?,Sun protect/MURAD
Where can I find the 100% Mineral Smooth & Poreless Matte Screen SPF 40?,Sun protect/SUPERGOOP!
What is the directory for the MOISTURE BOUND Tinted Treatment Moisturizer SPF 15?,Sun protect/AMOREPACIFIC
How do I access the City Sunscreen Serum SPF 30?,Sun protect/SUPERGOOP!
Where is the Perfecting Day Cream SPF 30 PA+++ located?,Sun protect/MURAD
What is the file path for the City Skin Age Defense SPF 50 PA++++?,Sun protect/MURAD
Can you guide me to the 100% Mineral Smooth & Poreless Matte Screen SPF 40?,Sun protect/SUPERGOOP!
How do I find the MOISTURE BOUND Tinted Treatment Moisturizer SPF 15?,Sun protect/AMOREPACIFIC
Can you provide the location of the City Sunscreen Serum SPF 30?,Sun protect/SUPERGOOP!
What is the folder path for the Perfecting Day Cream SPF 30 PA+++?,Sun protect/MURAD
Where is the City Skin Age Defense Broad Spectrum SPF 50 PA++++ located?,Sun protect/MURAD
In which section can I find the 100% Mineral Smooth & Poreless Matte Screen SPF 40?,Sun protect/SUPERGOOP!
Where can I access the MOISTURE BOUND Tinted Treatment Moisturizer SPF 15?,Sun protect/AMOREPACIFIC
What is the location of the City Sunscreen Serum SPF 30?,Sun protect/SUPERGOOP!
How can I locate the Perfecting Day Cream Broad Spectrum SPF 30 PA+++?,Sun protect/MURAD
Can you direct me to the City Skin Age Defense SPF 50 PA++++?,Sun protect/MURAD
How do I find the 100% Mineral Smooth & Poreless Matte Screen SPF 40?,Sun protect/SUPERGOOP!
What is the path for the MOISTURE BOUND Tinted Treatment Moisturizer SPF 15?,Sun protect/AMOREPACIFIC
Can you guide me to the City Sunscreen Serum SPF 30?,Sun protect/SUPERGOOP!
Where can I find the Perfecting Day Cream SPF 30 PA+++ document?,Sun protect/MURAD
In which folder is the City Skin Age Defense SPF 50 PA++++ located?,Sun protect/MURAD
What is the location of the 100% Mineral Smooth & Poreless Matte Screen SPF 40?,Sun protect/SUPERGOOP!
How can I access the MOISTURE BOUND Tinted Treatment Moisturizer SPF 15?,Sun protect/AMOREPACIFIC
What is the folder path for the City Sunscreen Serum SPF 30?,Sun protect/SUPERGOOP!
Where is the Perfecting Day Cream Broad Spectrum SPF 30 PA+++ stored?,Sun protect/MURAD
How can I locate the Crème Ancienne Supreme Eye Serum?,Eye cream/FRESH
Where can I find the Intensive Vitalizing Eye Essence?,Eye cream/AMOREPACIFIC
What is the directory for the Lotus Youth Preserve Eye Cream?,Eye cream/FRESH
How do I access the TIME RESPONSE Eye Reserve Crème?,Eye cream/AMOREPACIFIC
Where is the GENIUS Ultimate Anti-Aging Eye Cream located?,Eye cream/ALGENIST
What is the file path for the Crème Ancienne Supreme Eye Serum?,Eye cream/FRESH
Can you guide me to the Intensive Vitalizing Eye Essence?,Eye cream/AMOREPACIFIC
How do I find the Lotus Youth Preserve Eye Cream?,Eye cream/FRESH
Can you provide the location of the TIME RESPONSE Eye Reserve Crème?,Eye cream/AMOREPACIFIC
What is the folder path for the GENIUS Ultimate Anti-Aging Eye Cream?,Eye cream/ALGENIST
Where is the Crème Ancienne Supreme Eye Serum located?,Eye cream/FRESH
In which section can I find the Intensive Vitalizing Eye Essence?,Eye cream/AMOREPACIFIC
Where can I access the Lotus Youth Preserve Eye Cream?,Eye cream/FRESH
What is the location of the TIME RESPONSE Eye Reserve Crème?,Eye cream/AMOREPACIFIC
How can I locate the GENIUS Ultimate Anti-Aging Eye Cream?,Eye cream/ALGENIST
Can you direct me to the Crème Ancienne Supreme Eye Serum?,Eye cream/FRESH
How do I find the Intensive Vitalizing Eye Essence?,Eye cream/AMOREPACIFIC
What is the path for the Lotus Youth Preserve Eye Cream?,Eye cream/FRESH
Can you guide me to the TIME RESPONSE Eye Reserve Crème?,Eye cream/AMOREPACIFIC
Where can I find the GENIUS Ultimate Anti-Aging Eye Cream document?,Eye cream/ALGENIST
In which folder is the Crème Ancienne Supreme Eye Serum located?,Eye cream/FRESH
What is the location of the Intensive Vitalizing Eye Essence?,Eye cream/AMOREPACIFIC
How can I access the Lotus Youth Preserve Eye Cream?,Eye cream/FRESH
What is the folder path for the TIME RESPONSE Eye Reserve Crème?,Eye cream/AMOREPACIFIC
Where is the GENIUS Ultimate Anti-Aging Eye Cream stored?,Eye cream/ALGENIST
How do I locate the Essential-C Eye Cream SPF 15 PA++?,Eye cream/MURAD
Where can I find the Hydro-Dynamic® Ultimate Moisture For Eyes?,Eye cream/MURAD
What is the directory for the Advanced Anti-Aging Eye Cream SPF 37?,Eye cream/SUPERGOOP!
How do I access the Illuminating Eye Crème?,Eye cream/TATA HARPER
Where is the Dark Circle Corrector Set located?,Eye cream/ALGENIST
What is the file path for the Essential-C Eye Cream SPF 15 PA++?,Eye cream/MURAD
Can you guide me to the Hydro-Dynamic® Ultimate Moisture For Eyes?,Eye cream/MURAD
How do I find the Advanced Anti-Aging Eye Cream SPF 37?,Eye cream/SUPERGOOP!
Can you provide the location of the Illuminating Eye Crème?,Eye cream/TATA HARPER
What is the folder path for the Dark Circle Corrector Set?,Eye cream/ALGENIST
Where is the Essential-C Eye Cream SPF 15 PA++ located?,Eye cream/MURAD
In which section can I find the Hydro-Dynamic® Ultimate Moisture For Eyes?,Eye cream/MURAD
Where can I access the Advanced Anti-Aging Eye Cream SPF 37?,Eye cream/SUPERGOOP!
What is the location of the Illuminating Eye Crème?,Eye cream/TATA HARPER
How can I locate the Dark Circle Corrector Set?,Eye cream/ALGENIST
Can you direct me to the Essential-C Eye Cream SPF 15 PA++?,Eye cream/MURAD
How do I find the Hydro-Dynamic® Ultimate Moisture For Eyes?,Eye cream/MURAD
What is the path for the Advanced Anti-Aging Eye Cream SPF 37?,Eye cream/SUPERGOOP!
Can you guide me to the Illuminating Eye Crème?,Eye cream/TATA HARPER
Where can I find the Dark Circle Corrector Set document?,Eye cream/ALGENIST
In which folder is the Essential-C Eye Cream SPF 15 PA++ located?,Eye cream/MURAD
What is the location of the Hydro-Dynamic® Ultimate Moisture For Eyes?,Eye cream/MURAD
How can I access the Advanced Anti-Aging Eye Cream SPF 37?,Eye cream/SUPERGOOP!
What is the folder path for the Illuminating Eye Crème?,Eye cream/TATA HARPER
Where is the Dark Circle Corrector Set stored?,Eye cream/ALGENIST
How can I locate The Lifting Eye Serum?,Eye cream/LA MER
Where can I find the Restorative Eye Crème?,Eye cream/TATA HARPER
What is the directory for the MOISTURE BOUND Rejuvenating Eye Treatment Gel?,Eye cream/AMOREPACIFIC
How do I access the Renewing Eye Cream?,Eye cream/MURAD
Where is the Extra Eye Repair Cream located?,Eye cream/BOBBI BROWN
What is the file path for The Lifting Eye Serum?,Eye cream/LA MER
Can you guide me to the Restorative Eye Crème?,Eye cream/TATA HARPER
How do I find the MOISTURE BOUND Rejuvenating Eye Treatment Gel?,Eye cream/AMOREPACIFIC
Can you provide the location of the Renewing Eye Cream?,Eye cream/MURAD
What is the folder path for the Extra Eye Repair Cream?,Eye cream/BOBBI BROWN
Where is The Lifting Eye Serum located?,Eye cream/LA MER
In which section can I find the Restorative Eye Crème?,Eye cream/TATA HARPER
Where can I access the MOISTURE BOUND Rejuvenating Eye Treatment Gel?,Eye cream/AMOREPACIFIC
What is the location of the Renewing Eye Cream?,Eye cream/MURAD
How can I locate the Extra Eye Repair Cream?,Eye cream/BOBBI BROWN
Can you direct me to The Lifting Eye Serum?,Eye cream/LA MER
How do I find the Restorative Eye Crème?,Eye cream/TATA HARPER
What is the path for the MOISTURE BOUND Rejuvenating Eye Treatment Gel?,Eye cream/AMOREPACIFIC
Can you guide me to the Renewing Eye Cream?,Eye cream/MURAD
Where can I find the Extra Eye Repair Cream document?,Eye cream/BOBBI BROWN
In which folder is The Lifting Eye Serum located?,Eye cream/LA MER
What is the location of the Restorative Eye Crème?,Eye cream/TATA HARPER
How can I access the MOISTURE BOUND Rejuvenating Eye Treatment Gel?,Eye cream/AMOREPACIFIC
What is the folder path for the Renewing Eye Cream?,Eye cream/MURAD
Where is the Extra Eye Repair Cream stored?,Eye cream/BOBBI BROWN
How do I locate the Crème Ancienne® Eye Cream?,Eye cream/FRESH
Where can I find the Hydrating Eye Cream?,Eye cream/BOBBI BROWN
What is the directory for the Retinol Youth Renewal Eye Serum?,Eye cream/MURAD
How do I access the Lotus Eye Gel?,Eye cream/FRESH
Where is the Eye Contour Lifting Cream with Diamond Powder located?,Eye cream/LANCER
What is the file path for the Crème Ancienne® Eye Cream?,Eye cream/FRESH
Can you guide me to the Hydrating Eye Cream?,Eye cream/BOBBI BROWN
How do I find the Retinol Youth Renewal Eye Serum?,Eye cream/MURAD
Can you provide the location of the Lotus Eye Gel?,Eye cream/FRESH
What is the folder path for the Eye Contour Lifting Cream with Diamond Powder?,Eye cream/LANCER
Where is the Crème Ancienne® Eye Cream located?,Eye cream/FRESH
In which section can I find the Hydrating Eye Cream?,Eye cream/BOBBI BROWN
Where can I access the Retinol Youth Renewal Eye Serum?,Eye cream/MURAD
What is the location of the Lotus Eye Gel?,Eye cream/FRESH
How can I locate the Eye Contour Lifting Cream with Diamond Powder?,Eye cream/LANCER
Can you direct me to the Crème Ancienne® Eye Cream?,Eye cream/FRESH
How do I find the Hydrating Eye Cream?,Eye cream/BOBBI BROWN
What is the path for the Retinol Youth Renewal Eye Serum?,Eye cream/MURAD
Can you guide me to the Lotus Eye Gel?,Eye cream/FRESH
Where can I find the Eye Contour Lifting Cream with Diamond Powder document?,Eye cream/LANCER
In which folder is the Crème Ancienne® Eye Cream located?,Eye cream/FRESH
What is the location of the Hydrating Eye Cream?,Eye cream/BOBBI BROWN
How can I access the Retinol Youth Renewal Eye Serum?,Eye cream/MURAD
What is the folder path for the Lotus Eye Gel?,Eye cream/FRESH
Where is the Eye Contour Lifting Cream with Diamond Powder stored?,Eye cream/LANCER
How can I locate the Instant Detox Hawaiian Sea Water & White Clay Face Mask?,Face Mask/BOBBI BROWN
Where can I find the Lift & Plump Sheet Mask with Vegan Stem Cell Complex?,Face Mask/LANCER
What is the directory for the Radiance Boost Walnut Grain & Orange Oil Exfoliating Face Mask?,Face Mask/BOBBI BROWN
How do I access the Wrinkle Release Neck & Chest Sheet Mask?,Face Mask/SKIN LAUNDRY
Where is The Eye Concentrate located?,Eye cream/LA MER
What is the file path for the Instant Detox Hawaiian Sea Water & White Clay Face Mask?,Face Mask/BOBBI BROWN
Can you guide me to the Lift & Plump Sheet Mask with Vegan Stem Cell Complex?,Face Mask/LANCER
How do I find the Radiance Boost Walnut Grain & Orange Oil Exfoliating Face Mask?,Face Mask/BOBBI BROWN
Can you provide the location of the Wrinkle Release Neck & Chest Sheet Mask?,Face Mask/SKIN LAUNDRY
What is the folder path for The Eye Concentrate?,Eye cream/LA MER
Where is the Instant Detox Hawaiian Sea Water & White Clay Face Mask located?,Face Mask/BOBBI BROWN
In which section can I find the Lift & Plump Sheet Mask with Vegan Stem Cell Complex?,Face Mask/LANCER
Where can I access the Radiance Boost Walnut Grain & Orange Oil Exfoliating Face Mask?,Face Mask/BOBBI BROWN
What is the location of the Wrinkle Release Neck & Chest Sheet Mask?,Face Mask/SKIN LAUNDRY
How can I locate The Eye Concentrate?,Eye cream/LA MER
Can you direct me to the Instant Detox Hawaiian Sea Water & White Clay Face Mask?,Face Mask/BOBBI BROWN
How do I find the Lift & Plump Sheet Mask with Vegan Stem Cell Complex?,Face Mask/LANCER
What is the path for the Radiance Boost Walnut Grain & Orange Oil Exfoliating Face Mask?,Face Mask/BOBBI BROWN
Can you guide me to the Wrinkle Release Neck & Chest Sheet Mask?,Face Mask/SKIN LAUNDRY
Where can I find The Eye Concentrate document?,Eye cream/LA MER
In which folder is the Instant Detox Hawaiian Sea Water & White Clay Face Mask located?,Face Mask/BOBBI BROWN
What is the location of the Lift & Plump Sheet Mask with Vegan Stem Cell Complex?,Face Mask/LANCER
How can I access the Radiance Boost Walnut Grain & Orange Oil Exfoliating Face Mask?,Face Mask/BOBBI BROWN
What is the folder path for the Wrinkle Release Neck & Chest Sheet Mask?,Face Mask/SKIN LAUNDRY
Where is The Eye Concentrate stored?,Eye cream/LA MER
How do I locate the Black Tea Firming and De-Puffing Eye Cream?,Eye cream/FRESH
Where can I find The Eye Balm Intense?,Eye cream/LA MER
"What is the directory for the Bye Bye Under Eye Eye Cream™ Smooths, Brightens, Depuffs?",Eye cream/IT COSMETICS
How do I access the Complete Eye Renewal Balm?,Eye cream/ALGENIST
Where is the Rose Hydrating Eye Gel Cream located?,Eye cream/FRESH
What is the file path for the Black Tea Firming and De-Puffing Eye Cream?,Eye cream/FRESH
Can you guide me to The Eye Balm Intense?,Eye cream/LA MER
"How do I find the Bye Bye Under Eye Eye Cream™ Smooths, Brightens, Depuffs?",Eye cream/IT COSMETICS
Can you provide the location of the Complete Eye Renewal Balm?,Eye cream/ALGENIST
What is the folder path for the Rose Hydrating Eye Gel Cream?,Eye cream/FRESH
Where is the Black Tea Firming and De-Puffing Eye Cream located?,Eye cream/FRESH
In which section can I find The Eye Balm Intense?,Eye cream/LA MER
"Where can I access the Bye Bye Under Eye Eye Cream™ Smooths, Brightens, Depuffs?",Eye cream/IT COSMETICS
What is the location of the Complete Eye Renewal Balm?,Eye cream/ALGENIST
How can I locate the Rose Hydrating Eye Gel Cream?,Eye cream/FRESH
Can you direct me to the Black Tea Firming and De-Puffing Eye Cream?,Eye cream/FRESH
How do I find The Eye Balm Intense?,Eye cream/LA MER
"What is the path for the Bye Bye Under Eye Eye Cream™ Smooths, Brightens, Depuffs?",Eye cream/IT COSMETICS
Can you guide me to the Complete Eye Renewal Balm?,Eye cream/ALGENIST
Where can I find the Rose Hydrating Eye Gel Cream document?,Eye cream/FRESH
In which folder is the Black Tea Firming and De-Puffing Eye Cream located?,Eye cream/FRESH
What is the location of The Eye Balm Intense?,Eye cream/LA MER
"How can I access the Bye Bye Under Eye Eye Cream™ Smooths, Brightens, Depuffs?",Eye cream/IT COSMETICS
What is the folder path for the Complete Eye Renewal Balm?,Eye cream/ALGENIST
Where is the Rose Hydrating Eye Gel Cream stored?,Eye cream/FRESH
How can I locate the Pore Extractor Pomegranate Mask?,Face Mask/MURAD
Where can I find the Bamboo Waterlock Mask?,Face Mask/ERBORIAN
What is the directory for the InstaMatte™ Oil-Control Mask?,Face Mask/MURAD
How do I access the Algae Brightening Mask?,Face Mask/ALGENIST
Where is The Intensive Revitalizing Mask located?,Face Mask/LA MER
What is the file path for the Pore Extractor Pomegranate Mask?,Face Mask/MURAD
Can you guide me to the Bamboo Waterlock Mask?,Face Mask/ERBORIAN
How do I find the InstaMatte™ Oil-Control Mask?,Face Mask/MURAD
Can you provide the location of the Algae Brightening Mask?,Face Mask/ALGENIST
What is the folder path for The Intensive Revitalizing Mask?,Face Mask/LA MER
Where is the Pore Extractor Pomegranate Mask located?,Face Mask/MURAD
In which section can I find the Bamboo Waterlock Mask?,Face Mask/ERBORIAN
Where can I access the InstaMatte™ Oil-Control Mask?,Face Mask/MURAD
What is the location of the Algae Brightening Mask?,Face Mask/ALGENIST
How can I locate The Intensive Revitalizing Mask?,Face Mask/LA MER
Can you direct me to the Pore Extractor Pomegranate Mask?,Face Mask/MURAD
How do I find the Bamboo Waterlock Mask?,Face Mask/ERBORIAN
What is the path for the InstaMatte™ Oil-Control Mask?,Face Mask/MURAD
Can you guide me to the Algae Brightening Mask?,Face Mask/ALGENIST
Where can I find The Intensive Revitalizing Mask document?,Face Mask/LA MER
In which folder is the Pore Extractor Pomegranate Mask located?,Face Mask/MURAD
What is the location of the Bamboo Waterlock Mask?,Face Mask/ERBORIAN
How can I access the InstaMatte™ Oil-Control Mask?,Face Mask/MURAD
What is the folder path for the Algae Brightening Mask?,Face Mask/ALGENIST
Where is The Intensive Revitalizing Mask stored?,Face Mask/LA MER
How do I locate the Wrinkle Release Facial Sheet Mask?,Face Mask/SKIN LAUNDRY
Where can I find the Hydrating Facial Sheet Mask?,Face Mask/SKIN LAUNDRY
What is the directory for the Radiance Awakening Mask Intense?,Face Mask/LANCER
How do I access the Younger® Revealing Mask Intense?,Face Mask/LANCER
Where is the SPLASH Absolute Hydration Replenishing Sleeping Pack located?,Face Mask/ALGENIST
What is the file path for the Wrinkle Release Facial Sheet Mask?,Face Mask/SKIN LAUNDRY
Can you guide me to the Hydrating Facial Sheet Mask?,Face Mask/SKIN LAUNDRY
How do I find the Radiance Awakening Mask Intense?,Face Mask/LANCER
Can you provide the location of the Younger® Revealing Mask Intense?,Face Mask/LANCER
What is the folder path for the SPLASH Absolute Hydration Replenishing Sleeping Pack?,Face Mask/ALGENIST
Where is the Wrinkle Release Facial Sheet Mask located?,Face Mask/SKIN LAUNDRY
In which section can I find the Hydrating Facial Sheet Mask?,Face Mask/SKIN LAUNDRY
Where can I access the Radiance Awakening Mask Intense?,Face Mask/LANCER
What is the location of the Younger® Revealing Mask Intense?,Face Mask/LANCER
How can I locate the SPLASH Absolute Hydration Replenishing Sleeping Pack?,Face Mask/ALGENIST
Can you direct me to the Wrinkle Release Facial Sheet Mask?,Face Mask/SKIN LAUNDRY
How do I find the Hydrating Facial Sheet Mask?,Face Mask/SKIN LAUNDRY
What is the path for the Radiance Awakening Mask Intense?,Face Mask/LANCER
Can you guide me to the Younger® Revealing Mask Intense?,Face Mask/LANCER
Where can I find the SPLASH Absolute Hydration Replenishing Sleeping Pack document?,Face Mask/ALGENIST
In which folder is the Wrinkle Release Facial Sheet Mask located?,Face Mask/SKIN LAUNDRY
What is the location of the Hydrating Facial Sheet Mask?,Face Mask/SKIN LAUNDRY
How can I access the Radiance Awakening Mask Intense?,Face Mask/LANCER
What is the folder path for the Younger® Revealing Mask Intense?,Face Mask/LANCER
Where is the SPLASH Absolute Hydration Replenishing Sleeping Pack stored?,Face Mask/ALGENIST
How can I locate the Peony Brightening Night Treatment Mask?,Face Mask/FRESH
Where can I find the Purifying Mask?,Face Mask/TATA HARPER
What is the directory for the Vitamin Nectar Vitamin C Brightening Powder?,Face Mask/FRESH
How do I access the Treatment Lotion Hydrating Mask?,Face Mask/LA MER
Where is the Resurfacing Mask located?,Face Mask/TATA HARPER
What is the file path for the Peony Brightening Night Treatment Mask?,Face Mask/FRESH
Can you guide me to the Purifying Mask?,Face Mask/TATA HARPER
How do I find the Vitamin Nectar Vitamin C Brightening Powder?,Face Mask/FRESH
Can you provide the location of the Treatment Lotion Hydrating Mask?,Face Mask/LA MER
What is the folder path for the Resurfacing Mask?,Face Mask/TATA HARPER
Where is the Peony Brightening Night Treatment Mask located?,Face Mask/FRESH
In which section can I find the Purifying Mask?,Face Mask/TATA HARPER
Where can I access the Vitamin Nectar Vitamin C Brightening Powder?,Face Mask/FRESH
What is the location of the Treatment Lotion Hydrating Mask?,Face Mask/LA MER
How can I locate the Resurfacing Mask?,Face Mask/TATA HARPER
Can you direct me to the Peony Brightening Night Treatment Mask?,Face Mask/FRESH
How do I find the Purifying Mask?,Face Mask/TATA HARPER
What is the path for the Vitamin Nectar Vitamin C Brightening Powder?,Face Mask/FRESH
Can you guide me to the Treatment Lotion Hydrating Mask?,Face Mask/LA MER
Where can I find the Resurfacing Mask document?,Face Mask/TATA HARPER
In which folder is the Peony Brightening Night Treatment Mask located?,Face Mask/FRESH
What is the location of the Purifying Mask?,Face Mask/TATA HARPER
How can I access the Vitamin Nectar Vitamin C Brightening Powder?,Face Mask/FRESH
What is the folder path for the Treatment Lotion Hydrating Mask?,Face Mask/LA MER
Where is the Resurfacing Mask stored?,Face Mask/TATA HARPER
How do I locate The Lifting and Firming Mask Mini?,Face Mask/LA MER
Where can I find the PERFECT Clarifying Pore Corrector Mask?,Face Mask/ALGENIST
What is the directory for the TIME RESPONSE Vintage Wash-off Masque?,Face Mask/AMOREPACIFIC
How do I access the Skin Nourish Coral Grass & Green Algae Moisture Face Mask?,Face Mask/BOBBI BROWN
Where is the MOISTURE BOUND Intensive Serum Masque located?,Face Mask/AMOREPACIFIC
What is the file path for The Lifting and Firming Mask Mini?,Face Mask/LA MER
Can you guide me to the PERFECT Clarifying Pore Corrector Mask?,Face Mask/ALGENIST
How do I find the TIME RESPONSE Vintage Wash-off Masque?,Face Mask/AMOREPACIFIC
Can you provide the location of the Skin Nourish Coral Grass & Green Algae Moisture Face Mask?,Face Mask/BOBBI BROWN
What is the folder path for the MOISTURE BOUND Intensive Serum Masque?,Face Mask/AMOREPACIFIC
Where is The Lifting and Firming Mask Mini located?,Face Mask/LA MER
In which section can I find the PERFECT Clarifying Pore Corrector Mask?,Face Mask/ALGENIST
Where can I access the TIME RESPONSE Vintage Wash-off Masque?,Face Mask/AMOREPACIFIC
What is the location of the Skin Nourish Coral Grass & Green Algae Moisture Face Mask?,Face Mask/BOBBI BROWN
How can I locate the MOISTURE BOUND Intensive Serum Masque?,Face Mask/AMOREPACIFIC
Can you direct me to The Lifting and Firming Mask Mini?,Face Mask/LA MER
How do I find the PERFECT Clarifying Pore Corrector Mask?,Face Mask/ALGENIST
What is the path for the TIME RESPONSE Vintage Wash-off Masque?,Face Mask/AMOREPACIFIC
Can you guide me to the Skin Nourish Coral Grass & Green Algae Moisture Face Mask?,Face Mask/BOBBI BROWN
Where can I find the MOISTURE BOUND Intensive Serum Masque document?,Face Mask/AMOREPACIFIC
In which folder is The Lifting and Firming Mask Mini located?,Face Mask/LA MER
What is the location of the PERFECT Clarifying Pore Corrector Mask?,Face Mask/ALGENIST
How can I access the TIME RESPONSE Vintage Wash-off Masque?,Face Mask/AMOREPACIFIC
What is the folder path for the Skin Nourish Coral Grass & Green Algae Moisture Face Mask?,Face Mask/BOBBI BROWN
Where is the MOISTURE BOUND Intensive Serum Masque stored?,Face Mask/AMOREPACIFIC
How can I locate the Rose Face Mask?,Face Mask/FRESH
Where can I find the Black Tea Instant Perfecting Mask?,Face Mask/FRESH
What is the directory for The Lifting and Firming Mask?,Face Mask/LA MER
How do I access the Lotus Youth Preserve Rescue Mask?,Face Mask/FRESH
Where is the Black Tea Firming Overnight Mask Mini located?,Face Mask/FRESH
What is the file path for the Rose Face Mask?,Face Mask/FRESH
Can you guide me to the Black Tea Instant Perfecting Mask?,Face Mask/FRESH
How do I find The Lifting and Firming Mask?,Face Mask/LA MER
Can you provide the location of the Lotus Youth Preserve Rescue Mask?,Face Mask/FRESH
What is the folder path for the Black Tea Firming Overnight Mask Mini?,Face Mask/FRESH
Where is the Rose Face Mask located?,Face Mask/FRESH
In which section can I find the Black Tea Instant Perfecting Mask?,Face Mask/FRESH
Where can I access The Lifting and Firming Mask?,Face Mask/LA MER
What is the location of the Lotus Youth Preserve Rescue Mask?,Face Mask/FRESH
How can I locate the Black Tea Firming Overnight Mask Mini?,Face Mask/FRESH
Can you direct me to the Rose Face Mask?,Face Mask/FRESH
How do I find the Black Tea Instant Perfecting Mask?,Face Mask/FRESH
What is the path for The Lifting and Firming Mask?,Face Mask/LA MER
Can you guide me to the Lotus Youth Preserve Rescue Mask?,Face Mask/FRESH
Where can I find the Black Tea Firming Overnight Mask Mini document?,Face Mask/FRESH
In which folder is the Rose Face Mask located?,Face Mask/FRESH
What is the location of the Black Tea Instant Perfecting Mask?,Face Mask/FRESH
How can I access The Lifting and Firming Mask?,Face Mask/LA MER
What is the folder path for the Lotus Youth Preserve Rescue Mask?,Face Mask/FRESH
Where is the Black Tea Firming Overnight Mask Mini stored?,Face Mask/FRESH
How do I locate the Vitamin C Glow Face Mask?,Face Mask/FRESH
Where can I find The Brilliance Brightening Mask?,Face Mask/LA MER
What is the directory for the Black Tea Instant Perfecting Mask Mini?,Face Mask/FRESH
How do I access the Crème Ancienne® Ultimate Nourishing Honey Mask?,Face Mask/FRESH
Where is the Clarifying Mask located?,Face Mask/TATA HARPER
What is the file path for the Vitamin C Glow Face Mask?,Face Mask/FRESH
Can you guide me to The Brilliance Brightening Mask?,Face Mask/LA MER
How do I find the Black Tea Instant Perfecting Mask Mini?,Face Mask/FRESH
Can you provide the location of the Crème Ancienne® Ultimate Nourishing Honey Mask?,Face Mask/FRESH
What is the folder path for the Clarifying Mask?,Face Mask/TATA HARPER
Where is the Vitamin C Glow Face Mask located?,Face Mask/FRESH
In which section can I find The Brilliance Brightening Mask?,Face Mask/LA MER
Where can I access the Black Tea Instant Perfecting Mask Mini?,Face Mask/FRESH
What is the location of the Crème Ancienne® Ultimate Nourishing Honey Mask?,Face Mask/FRESH
How can I locate the Clarifying Mask?,Face Mask/TATA HARPER
Can you direct me to the Vitamin C Glow Face Mask?,Face Mask/FRESH
How do I find The Brilliance Brightening Mask?,Face Mask/LA MER
What is the path for the Black Tea Instant Perfecting Mask Mini?,Face Mask/FRESH
Can you guide me to the Crème Ancienne® Ultimate Nourishing Honey Mask?,Face Mask/FRESH
Where can I find the Clarifying Mask document?,Face Mask/TATA HARPER
In which folder is the Vitamin C Glow Face Mask located?,Face Mask/FRESH
What is the location of The Brilliance Brightening Mask?,Face Mask/LA MER
How can I access the Black Tea Instant Perfecting Mask Mini?,Face Mask/FRESH
What is the folder path for the Crème Ancienne® Ultimate Nourishing Honey Mask?,Face Mask/FRESH
Where is the Clarifying Mask stored?,Face Mask/TATA HARPER
How can I locate the MOISTURE BOUND Sleeping Recovery Mask?,Face Mask/AMOREPACIFIC
Where can I find the MOISTURE BOUND Sleeping Recovery Mask?,Face Mask/AMOREPACIFIC
What is the directory for the MOISTURE BOUND Sleeping Recovery Mask?,Face Mask/AMOREPACIFIC
How do I access the MOISTURE BOUND Sleeping Recovery Mask?,Face Mask/AMOREPACIFIC
Where is the MOISTURE BOUND Sleeping Recovery Mask located?,Face Mask/AMOREPACIFIC
